USE `Final`;

-- Populate Users table with 150 users
INSERT INTO Users (username, password_hash, email, birthday, registration_date) VALUES
('johndoe', '$2a$12$RIHj.q.C8xZ5vB3b5iP1j.OaJ2c3k4L5m6n7o8p9q0r1s2t3u4v5', 'johndoe@example.com', '1990-01-15', '2022-01-01'),
('janesmith', '$2a$12$RIHj.q.C8xZ5vB3b5iP1j.OaJ2c3k4L5m6n7o8p9q0r1s2t3u4v5', 'janesmith@example.com', '1992-03-22', '2022-01-02'),
('alicejones', '$2a$12$RIHj.q.C8xZ5vB3b5iP1j.OaJ2c3k4L5m6n7o8p9q0r1s2t3u4v5', 'alicejones@example.com', '1985-07-30', '2022-01-03'),
('bobbrown', '$2a$12$RIHj.q.C8xZ5vB3b5iP1j.OaJ2c3k4L5m6n7o8p9q0r1s2t3u4v5', 'bobbrown@example.com', '1995-11-05', '2022-01-04'),
('charliedavis', '$2a$12$RIHj.q.C8xZ5vB3b5iP1j.OaJ2c3k4L5m6n7o8p9q0r1s2t3u4v5', 'charliedavis@example.com', '2000-02-10', '2022-01-05'),
('user6', '$2a$12$RIHj.q.C8xZ5vB3b5iP1j.OaJ2c3k4L5m6n7o8p9q0r1s2t3u4v5', 'user6@example.com', '1991-04-12', '2022-01-06'),
('user7', '$2a$12$RIHj.q.C8xZ5vB3b5iP1j.OaJ2c3k4L5m6n7o8p9q0r1s2t3u4v5', 'user7@example.com', '1993-06-25', '2022-01-07'),
('user8', '$2a$12$RIHj.q.C8xZ5vB3b5iP1j.OaJ2c3k4L5m6n7o8p9q0r1s2t3u4v5', 'user8@example.com', '1988-08-18', '2022-01-08'),
('user9', '$2a$12$RIHj.q.C8xZ5vB3b5iP1j.OaJ2c3k4L5m6n7o8p9q0r1s2t3u4v5', 'user9@example.com', '1998-10-30', '2022-01-09'),
('user10', '$2a$12$RIHj.q.C8xZ5vB3b5iP1j.OaJ2c3k4L5m6n7o8p9q0r1s2t3u4v5', 'user10@example.com', '2001-12-15', '2022-01-10'),
('user11', '$2a$12$RIHj.q.C8xZ5vB3b5iP1j.OaJ2c3k4L5m6n7o8p9q0r1s2t3u4v5', 'user11@example.com', '1990-01-16', '2022-01-11'),
('user12', '$2a$12$RIHj.q.C8xZ5vB3b5iP1j.OaJ2c3k4L5m6n7o8p9q0r1s2t3u4v5', 'user12@example.com', '1990-01-17', '2022-01-12'),
('user13', '$2a$12$RIHj.q.C8xZ5vB3b5iP1j.OaJ2c3k4L5m6n7o8p9q0r1s2t3u4v5', 'user13@example.com', '1990-01-18', '2022-01-13'),
('user14', '$2a$12$RIHj.q.C8xZ5vB3b5iP1j.OaJ2c3k4L5m6n7o8p9q0r1s2t3u4v5', 'user14@example.com', '1990-01-19', '2022-01-14'),
('user15', '$2a$12$RIHj.q.C8xZ5vB3b5iP1j.OaJ2c3k4L5m6n7o8p9q0r1s2t3u4v5', 'user15@example.com', '1990-01-20', '2022-01-15'),
('user16', '$2a$12$RIHj.q.C8xZ5vB3b5iP1j.OaJ2c3k4L5m6n7o8p9q0r1s2t3u4v5', 'user16@example.com', '1990-01-21', '2022-01-16'),
('user17', '$2a$12$RIHj.q.C8xZ5vB3b5iP1j.OaJ2c3k4L5m6n7o8p9q0r1s2t3u4v5', 'user17@example.com', '1990-01-22', '2022-01-17'),
('user18', '$2a$12$RIHj.q.C8xZ5vB3b5iP1j.OaJ2c3k4L5m6n7o8p9q0r1s2t3u4v5', 'user18@example.com', '1990-01-23', '2022-01-18'),
('user19', '$2a$12$RIHj.q.C8xZ5vB3b5iP1j.OaJ2c3k4L5m6n7o8p9q0r1s2t3u4v5', 'user19@example.com', '1990-01-24', '2022-01-19'),
('user20', '$2a$12$RIHj.q.C8xZ5vB3b5iP1j.OaJ2c3k4L5m6n7o8p9q0r1s2t3u4v5', 'user20@example.com', '1990-01-25', '2022-01-20'),
('user21', '$2a$12$RIHj.q.C8xZ5vB3b5iP1j.OaJ2c3k4L5m6n7o8p9q0r1s2t3u4v5', 'user21@example.com', '1990-01-26', '2022-01-21'),
('user22', '$2a$12$RIHj.q.C8xZ5vB3b5iP1j.OaJ2c3k4L5m6n7o8p9q0r1s2t3u4v5', 'user22@example.com', '1990-01-27', '2022-01-22'),
('user23', '$2a$12$RIHj.q.C8xZ5vB3b5iP1j.OaJ2c3k4L5m6n7o8p9q0r1s2t3u4v5', 'user23@example.com', '1990-01-28', '2022-01-23'),
('user24', '$2a$12$RIHj.q.C8xZ5vB3b5iP1j.OaJ2c3k4L5m6n7o8p9q0r1s2t3u4v5', 'user24@example.com', '1990-01-29', '2022-01-24'),
('user25', '$2a$12$RIHj.q.C8xZ5vB3b5iP1j.OaJ2c3k4L5m6n7o8p9q0r1s2t3u4v5', 'user25@example.com', '1990-01-30', '2022-01-25'),
('user26', '$2a$12$RIHj.q.C8xZ5vB3b5iP1j.OaJ2c3k4L5m6n7o8p9q0r1s2t3u4v5', 'user26@example.com', '1990-01-31', '2022-01-26'),
('user27', '$2a$12$RIHj.q.C8xZ5vB3b5iP1j.OaJ2c3k4L5m6n7o8p9q0r1s2t3u4v5', 'user27@example.com', '1990-02-01', '2022-01-27'),
('user28', '$2a$12$RIHj.q.C8xZ5vB3b5iP1j.OaJ2c3k4L5m6n7o8p9q0r1s2t3u4v5', 'user28@example.com', '1990-02-02', '2022-01-28'),
('user29', '$2a$12$RIHj.q.C8xZ5vB3b5iP1j.OaJ2c3k4L5m6n7o8p9q0r1s2t3u4v5', 'user29@example.com', '1990-02-03', '2022-01-29'),
('user30', '$2a$12$RIHj.q.C8xZ5vB3b5iP1j.OaJ2c3k4L5m6n7o8p9q0r1s2t3u4v5', 'user30@example.com', '1990-02-04', '2022-01-30'),
('user31', '$2a$12$RIHj.q.C8xZ5vB3b5iP1j.OaJ2c3k4L5m6n7o8p9q0r1s2t3u4v5', 'user31@example.com', '1990-02-05', '2022-01-31'),
('user32', '$2a$12$RIHj.q.C8xZ5vB3b5iP1j.OaJ2c3k4L5m6n7o8p9q0r1s2t3u4v5', 'user32@example.com', '1990-02-06', '2022-02-01'),
('user33', '$2a$12$RIHj.q.C8xZ5vB3b5iP1j.OaJ2c3k4L5m6n7o8p9q0r1s2t3u4v5', 'user33@example.com', '1990-02-07', '2022-02-02'),
('user34', '$2a$12$RIHj.q.C8xZ5vB3b5iP1j.OaJ2c3k4L5m6n7o8p9q0r1s2t3u4v5', 'user34@example.com', '1990-02-08', '2022-02-03'),
('user35', '$2a$12$RIHj.q.C8xZ5vB3b5iP1j.OaJ2c3k4L5m6n7o8p9q0r1s2t3u4v5', 'user35@example.com', '1990-02-09', '2022-02-04'),
('user36', '$2a$12$RIHj.q.C8xZ5vB3b5iP1j.OaJ2c3k4L5m6n7o8p9q0r1s2t3u4v5', 'user36@example.com', '1990-02-10', '2022-02-05'),
('user37', '$2a$12$RIHj.q.C8xZ5vB3b5iP1j.OaJ2c3k4L5m6n7o8p9q0r1s2t3u4v5', 'user37@example.com', '1990-02-11', '2022-02-06'),
('user38', '$2a$12$RIHj.q.C8xZ5vB3b5iP1j.OaJ2c3k4L5m6n7o8p9q0r1s2t3u4v5', 'user38@example.com', '1990-02-12', '2022-02-07'),
('user39', '$2a$12$RIHj.q.C8xZ5vB3b5iP1j.OaJ2c3k4L5m6n7o8p9q0r1s2t3u4v5', 'user39@example.com', '1990-02-13', '2022-02-08'),
('user40', '$2a$12$RIHj.q.C8xZ5vB3b5iP1j.OaJ2c3k4L5m6n7o8p9q0r1s2t3u4v5', 'user40@example.com', '1990-02-14', '2022-02-09'),
('user41', '$2a$12$RIHj.q.C8xZ5vB3b5iP1j.OaJ2c3k4L5m6n7o8p9q0r1s2t3u4v5', 'user41@example.com', '1990-02-15', '2022-02-10'),
('user42', '$2a$12$RIHj.q.C8xZ5vB3b5iP1j.OaJ2c3k4L5m6n7o8p9q0r1s2t3u4v5', 'user42@example.com', '1990-02-16', '2022-02-11'),
('user43', '$2a$12$RIHj.q.C8xZ5vB3b5iP1j.OaJ2c3k4L5m6n7o8p9q0r1s2t3u4v5', 'user43@example.com', '1990-02-17', '2022-02-12'),
('user44', '$2a$12$RIHj.q.C8xZ5vB3b5iP1j.OaJ2c3k4L5m6n7o8p9q0r1s2t3u4v5', 'user44@example.com', '1990-02-18', '2022-02-13'),
('user45', '$2a$12$RIHj.q.C8xZ5vB3b5iP1j.OaJ2c3k4L5m6n7o8p9q0r1s2t3u4v5', 'user45@example.com', '1990-02-19', '2022-02-14'),
('user46', '$2a$12$RIHj.q.C8xZ5vB3b5iP1j.OaJ2c3k4L5m6n7o8p9q0r1s2t3u4v5', 'user46@example.com', '1990-02-20', '2022-02-15'),
('user47', '$2a$12$RIHj.q.C8xZ5vB3b5iP1j.OaJ2c3k4L5m6n7o8p9q0r1s2t3u4v5', 'user47@example.com', '1990-02-21', '2022-02-16'),
('user48', '$2a$12$RIHj.q.C8xZ5vB3b5iP1j.OaJ2c3k4L5m6n7o8p9q0r1s2t3u4v5', 'user48@example.com', '1990-02-22', '2022-02-17'),
('user49', '$2a$12$RIHj.q.C8xZ5vB3b5iP1j.OaJ2c3k4L5m6n7o8p9q0r1s2t3u4v5', 'user49@example.com', '1990-02-23', '2022-02-18'),
('user50', '$2a$12$RIHj.q.C8xZ5vB3b5iP1j.OaJ2c3k4L5m6n7o8p9q0r1s2t3u4v5', 'user50@example.com', '1990-02-24', '2022-02-19'),
('user51', '$2a$12$RIHj.q.C8xZ5vB3b5iP1j.OaJ2c3k4L5m6n7o8p9q0r1s2t3u4v5', 'user51@example.com', '1990-02-25', '2022-02-20'),
('user52', '$2a$12$RIHj.q.C8xZ5vB3b5iP1j.OaJ2c3k4L5m6n7o8p9q0r1s2t3u4v5', 'user52@example.com', '1990-02-26', '2022-02-21'),
('user53', '$2a$12$RIHj.q.C8xZ5vB3b5iP1j.OaJ2c3k4L5m6n7o8p9q0r1s2t3u4v5', 'user53@example.com', '1990-02-27', '2022-02-22'),
('user54', '$2a$12$RIHj.q.C8xZ5vB3b5iP1j.OaJ2c3k4L5m6n7o8p9q0r1s2t3u4v5', 'user54@example.com', '1990-02-28', '2022-02-23'),
('user55', '$2a$12$RIHj.q.C8xZ5vB3b5iP1j.OaJ2c3k4L5m6n7o8p9q0r1s2t3u4v5', 'user55@example.com', '1990-03-01', '2022-02-24'),
('user56', '$2a$12$RIHj.q.C8xZ5vB3b5iP1j.OaJ2c3k4L5m6n7o8p9q0r1s2t3u4v5', 'user56@example.com', '1990-03-02', '2022-02-25'),
('user57', '$2a$12$RIHj.q.C8xZ5vB3b5iP1j.OaJ2c3k4L5m6n7o8p9q0r1s2t3u4v5', 'user57@example.com', '1990-03-03', '2022-02-26'),
('user58', '$2a$12$RIHj.q.C8xZ5vB3b5iP1j.OaJ2c3k4L5m6n7o8p9q0r1s2t3u4v5', 'user58@example.com', '1990-03-04', '2022-02-27'),
('user59', '$2a$12$RIHj.q.C8xZ5vB3b5iP1j.OaJ2c3k4L5m6n7o8p9q0r1s2t3u4v5', 'user59@example.com', '1990-03-05', '2022-02-28'),
('user60', '$2a$12$RIHj.q.C8xZ5vB3b5iP1j.OaJ2c3k4L5m6n7o8p9q0r1s2t3u4v5', 'user60@example.com', '1990-03-06', '2022-03-01'),
('user61', '$2a$12$RIHj.q.C8xZ5vB3b5iP1j.OaJ2c3k4L5m6n7o8p9q0r1s2t3u4v5', 'user61@example.com', '1990-03-07', '2022-03-02'),
('user62', '$2a$12$RIHj.q.C8xZ5vB3b5iP1j.OaJ2c3k4L5m6n7o8p9q0r1s2t3u4v5', 'user62@example.com', '1990-03-08', '2022-03-03'),
('user63', '$2a$12$RIHj.q.C8xZ5vB3b5iP1j.OaJ2c3k4L5m6n7o8p9q0r1s2t3u4v5', 'user63@example.com', '1990-03-09', '2022-03-04'),
('user64', '$2a$12$RIHj.q.C8xZ5vB3b5iP1j.OaJ2c3k4L5m6n7o8p9q0r1s2t3u4v5', 'user64@example.com', '1990-03-10', '2022-03-05'),
('user65', '$2a$12$RIHj.q.C8xZ5vB3b5iP1j.OaJ2c3k4L5m6n7o8p9q0r1s2t3u4v5', 'user65@example.com', '1990-03-11', '2022-03-06'),
('user66', '$2a$12$RIHj.q.C8xZ5vB3b5iP1j.OaJ2c3k4L5m6n7o8p9q0r1s2t3u4v5', 'user66@example.com', '1990-03-12', '2022-03-07'),
('user67', '$2a$12$RIHj.q.C8xZ5vB3b5iP1j.OaJ2c3k4L5m6n7o8p9q0r1s2t3u4v5', 'user67@example.com', '1990-03-13', '2022-03-08'),
('user68', '$2a$12$RIHj.q.C8xZ5vB3b5iP1j.OaJ2c3k4L5m6n7o8p9q0r1s2t3u4v5', 'user68@example.com', '1990-03-14', '2022-03-09'),
('user69', '$2a$12$RIHj.q.C8xZ5vB3b5iP1j.OaJ2c3k4L5m6n7o8p9q0r1s2t3u4v5', 'user69@example.com', '1990-03-15', '2022-03-10'),
('user70', '$2a$12$RIHj.q.C8xZ5vB3b5iP1j.OaJ2c3k4L5m6n7o8p9q0r1s2t3u4v5', 'user70@example.com', '1990-03-16', '2022-03-11'),
('user71', '$2a$12$RIHj.q.C8xZ5vB3b5iP1j.OaJ2c3k4L5m6n7o8p9q0r1s2t3u4v5', 'user71@example.com', '1990-03-17', '2022-03-12'),
('user72', '$2a$12$RIHj.q.C8xZ5vB3b5iP1j.OaJ2c3k4L5m6n7o8p9q0r1s2t3u4v5', 'user72@example.com', '1990-03-18', '2022-03-13'),
('user73', '$2a$12$RIHj.q.C8xZ5vB3b5iP1j.OaJ2c3k4L5m6n7o8p9q0r1s2t3u4v5', 'user73@example.com', '1990-03-19', '2022-03-14'),
('user74', '$2a$12$RIHj.q.C8xZ5vB3b5iP1j.OaJ2c3k4L5m6n7o8p9q0r1s2t3u4v5', 'user74@example.com', '1990-03-20', '2022-03-15'),
('user75', '$2a$12$RIHj.q.C8xZ5vB3b5iP1j.OaJ2c3k4L5m6n7o8p9q0r1s2t3u4v5', 'user75@example.com', '1990-03-21', '2022-03-16'),
('user76', '$2a$12$RIHj.q.C8xZ5vB3b5iP1j.OaJ2c3k4L5m6n7o8p9q0r1s2t3u4v5', 'user76@example.com', '1990-03-22', '2022-03-17'),
('user77', '$2a$12$RIHj.q.C8xZ5vB3b5iP1j.OaJ2c3k4L5m6n7o8p9q0r1s2t3u4v5', 'user77@example.com', '1990-03-23', '2022-03-18'),
('user78', '$2a$12$RIHj.q.C8xZ5vB3b5iP1j.OaJ2c3k4L5m6n7o8p9q0r1s2t3u4v5', 'user78@example.com', '1990-03-24', '2022-03-19'),
('user79', '$2a$12$RIHj.q.C8xZ5vB3b5iP1j.OaJ2c3k4L5m6n7o8p9q0r1s2t3u4v5', 'user79@example.com', '1990-03-25', '2022-03-20'),
('user80', '$2a$12$RIHj.q.C8xZ5vB3b5iP1j.OaJ2c3k4L5m6n7o8p9q0r1s2t3u4v5', 'user80@example.com', '1990-03-26', '2022-03-21'),
('user81', '$2a$12$RIHj.q.C8xZ5vB3b5iP1j.OaJ2c3k4L5m6n7o8p9q0r1s2t3u4v5', 'user81@example.com', '1990-03-27', '2022-03-22'),
('user82', '$2a$12$RIHj.q.C8xZ5vB3b5iP1j.OaJ2c3k4L5m6n7o8p9q0r1s2t3u4v5', 'user82@example.com', '1990-03-28', '2022-03-23'),
('user83', '$2a$12$RIHj.q.C8xZ5vB3b5iP1j.OaJ2c3k4L5m6n7o8p9q0r1s2t3u4v5', 'user83@example.com', '1990-03-29', '2022-03-24'),
('user84', '$2a$12$RIHj.q.C8xZ5vB3b5iP1j.OaJ2c3k4L5m6n7o8p9q0r1s2t3u4v5', 'user84@example.com', '1990-03-30', '2022-03-25'),
('user85', '$2a$12$RIHj.q.C8xZ5vB3b5iP1j.OaJ2c3k4L5m6n7o8p9q0r1s2t3u4v5', 'user85@example.com', '1990-03-31', '2022-03-26'),
('user86', '$2a$12$RIHj.q.C8xZ5vB3b5iP1j.OaJ2c3k4L5m6n7o8p9q0r1s2t3u4v5', 'user86@example.com', '1990-04-01', '2022-03-27'),
('user87', '$2a$12$RIHj.q.C8xZ5vB3b5iP1j.OaJ2c3k4L5m6n7o8p9q0r1s2t3u4v5', 'user87@example.com', '1990-04-02', '2022-03-28'),
('user88', '$2a$12$RIHj.q.C8xZ5vB3b5iP1j.OaJ2c3k4L5m6n7o8p9q0r1s2t3u4v5', 'user88@example.com', '1990-04-03', '2022-03-29'),
('user89', '$2a$12$RIHj.q.C8xZ5vB3b5iP1j.OaJ2c3k4L5m6n7o8p9q0r1s2t3u4v5', 'user89@example.com', '1990-04-04', '2022-03-30'),
('user90', '$2a$12$RIHj.q.C8xZ5vB3b5iP1j.OaJ2c3k4L5m6n7o8p9q0r1s2t3u4v5', 'user90@example.com', '1990-04-05', '2022-03-31'),
('user91', '$2a$12$RIHj.q.C8xZ5vB3b5iP1j.OaJ2c3k4L5m6n7o8p9q0r1s2t3u4v5', 'user91@example.com', '1990-04-06', '2022-04-01'),
('user92', '$2a$12$RIHj.q.C8xZ5vB3b5iP1j.OaJ2c3k4L5m6n7o8p9q0r1s2t3u4v5', 'user92@example.com', '1990-04-07', '2022-04-02'),
('user93', '$2a$12$RIHj.q.C8xZ5vB3b5iP1j.OaJ2c3k4L5m6n7o8p9q0r1s2t3u4v5', 'user93@example.com', '1990-04-08', '2022-04-03'),
('user94', '$2a$12$RIHj.q.C8xZ5vB3b5iP1j.OaJ2c3k4L5m6n7o8p9q0r1s2t3u4v5', 'user94@example.com', '1990-04-09', '2022-04-04'),
('user95', '$2a$12$RIHj.q.C8xZ5vB3b5iP1j.OaJ2c3k4L5m6n7o8p9q0r1s2t3u4v5', 'user95@example.com', '1990-04-10', '2022-04-05'),
('user96', '$2a$12$RIHj.q.C8xZ5vB3b5iP1j.OaJ2c3k4L5m6n7o8p9q0r1s2t3u4v5', 'user96@example.com', '1990-04-11', '2022-04-06'),
('user97', '$2a$12$RIHj.q.C8xZ5vB3b5iP1j.OaJ2c3k4L5m6n7o8p9q0r1s2t3u4v5', 'user97@example.com', '1990-04-12', '2022-04-07'),
('user98', '$2a$12$RIHj.q.C8xZ5vB3b5iP1j.OaJ2c3k4L5m6n7o8p9q0r1s2t3u4v5', 'user98@example.com', '1990-04-13', '2022-04-08'),
('user99', '$2a$12$RIHj.q.C8xZ5vB3b5iP1j.OaJ2c3k4L5m6n7o8p9q0r1s2t3u4v5', 'user99@example.com', '1990-04-14', '2022-04-09'),
('user100', '$2a$12$RIHj.q.C8xZ5vB3b5iP1j.OaJ2c3k4L5m6n7o8p9q0r1s2t3u4v5', 'user100@example.com', '1990-04-15', '2022-04-10'),
('user101', '$2a$12$RIHj.q.C8xZ5vB3b5iP1j.OaJ2c3k4L5m6n7o8p9q0r1s2t3u4v5', 'user101@example.com', '1990-04-16', '2022-04-11'),
('user102', '$2a$12$RIHj.q.C8xZ5vB3b5iP1j.OaJ2c3k4L5m6n7o8p9q0r1s2t3u4v5', 'user102@example.com', '1990-04-17', '2022-04-12'),
('user103', '$2a$12$RIHj.q.C8xZ5vB3b5iP1j.OaJ2c3k4L5m6n7o8p9q0r1s2t3u4v5', 'user103@example.com', '1990-04-18', '2022-04-13'),
('user104', '$2a$12$RIHj.q.C8xZ5vB3b5iP1j.OaJ2c3k4L5m6n7o8p9q0r1s2t3u4v5', 'user104@example.com', '1990-04-19', '2022-04-14'),
('user105', '$2a$12$RIHj.q.C8xZ5vB3b5iP1j.OaJ2c3k4L5m6n7o8p9q0r1s2t3u4v5', 'user105@example.com', '1990-04-20', '2022-04-15'),
('user106', '$2a$12$RIHj.q.C8xZ5vB3b5iP1j.OaJ2c3k4L5m6n7o8p9q0r1s2t3u4v5', 'user106@example.com', '1990-04-21', '2022-04-16'),
('user107', '$2a$12$RIHj.q.C8xZ5vB3b5iP1j.OaJ2c3k4L5m6n7o8p9q0r1s2t3u4v5', 'user107@example.com', '1990-04-22', '2022-04-17'),
('user108', '$2a$12$RIHj.q.C8xZ5vB3b5iP1j.OaJ2c3k4L5m6n7o8p9q0r1s2t3u4v5', 'user108@example.com', '1990-04-23', '2022-04-18'),
('user109', '$2a$12$RIHj.q.C8xZ5vB3b5iP1j.OaJ2c3k4L5m6n7o8p9q0r1s2t3u4v5', 'user109@example.com', '1990-04-24', '2022-04-19'),
('user110', '$2a$12$RIHj.q.C8xZ5vB3b5iP1j.OaJ2c3k4L5m6n7o8p9q0r1s2t3u4v5', 'user110@example.com', '1990-04-25', '2022-04-20'),
('user111', '$2a$12$RIHj.q.C8xZ5vB3b5iP1j.OaJ2c3k4L5m6n7o8p9q0r1s2t3u4v5', 'user111@example.com', '1990-04-26', '2022-04-21'),
('user112', '$2a$12$RIHj.q.C8xZ5vB3b5iP1j.OaJ2c3k4L5m6n7o8p9q0r1s2t3u4v5', 'user112@example.com', '1990-04-27', '2022-04-22'),
('user113', '$2a$12$RIHj.q.C8xZ5vB3b5iP1j.OaJ2c3k4L5m6n7o8p9q0r1s2t3u4v5', 'user113@example.com', '1990-04-28', '2022-04-23'),
('user114', '$2a$12$RIHj.q.C8xZ5vB3b5iP1j.OaJ2c3k4L5m6n7o8p9q0r1s2t3u4v5', 'user114@example.com', '1990-04-29', '2022-04-24'),
('user115', '$2a$12$RIHj.q.C8xZ5vB3b5iP1j.OaJ2c3k4L5m6n7o8p9q0r1s2t3u4v5', 'user115@example.com', '1990-04-30', '2022-04-25'),
('user116', '$2a$12$RIHj.q.C8xZ5vB3b5iP1j.OaJ2c3k4L5m6n7o8p9q0r1s2t3u4v5', 'user116@example.com', '1990-05-01', '2022-04-26'),
('user117', '$2a$12$RIHj.q.C8xZ5vB3b5iP1j.OaJ2c3k4L5m6n7o8p9q0r1s2t3u4v5', 'user117@example.com', '1990-05-02', '2022-04-27'),
('user118', '$2a$12$RIHj.q.C8xZ5vB3b5iP1j.OaJ2c3k4L5m6n7o8p9q0r1s2t3u4v5', 'user118@example.com', '1990-05-03', '2022-04-28'),
('user119', '$2a$12$RIHj.q.C8xZ5vB3b5iP1j.OaJ2c3k4L5m6n7o8p9q0r1s2t3u4v5', 'user119@example.com', '1990-05-04', '2022-04-29'),
('user120', '$2a$12$RIHj.q.C8xZ5vB3b5iP1j.OaJ2c3k4L5m6n7o8p9q0r1s2t3u4v5', 'user120@example.com', '1990-05-05', '2022-04-30'),
('user121', '$2a$12$RIHj.q.C8xZ5vB3b5iP1j.OaJ2c3k4L5m6n7o8p9q0r1s2t3u4v5', 'user121@example.com', '1990-05-06', '2022-05-01'),
('user122', '$2a$12$RIHj.q.C8xZ5vB3b5iP1j.OaJ2c3k4L5m6n7o8p9q0r1s2t3u4v5', 'user122@example.com', '1990-05-07', '2022-05-02'),
('user123', '$2a$12$RIHj.q.C8xZ5vB3b5iP1j.OaJ2c3k4L5m6n7o8p9q0r1s2t3u4v5', 'user123@example.com', '1990-05-08', '2022-05-03'),
('user124', '$2a$12$RIHj.q.C8xZ5vB3b5iP1j.OaJ2c3k4L5m6n7o8p9q0r1s2t3u4v5', 'user124@example.com', '1990-05-09', '2022-05-04'),
('user125', '$2a$12$RIHj.q.C8xZ5vB3b5iP1j.OaJ2c3k4L5m6n7o8p9q0r1s2t3u4v5', 'user125@example.com', '1990-05-10', '2022-05-05'),
('user126', '$2a$12$RIHj.q.C8xZ5vB3b5iP1j.OaJ2c3k4L5m6n7o8p9q0r1s2t3u4v5', 'user126@example.com', '1990-05-11', '2022-05-06'),
('user127', '$2a$12$RIHj.q.C8xZ5vB3b5iP1j.OaJ2c3k4L5m6n7o8p9q0r1s2t3u4v5', 'user127@example.com', '1990-05-12', '2022-05-07'),
('user128', '$2a$12$RIHj.q.C8xZ5vB3b5iP1j.OaJ2c3k4L5m6n7o8p9q0r1s2t3u4v5', 'user128@example.com', '1990-05-13', '2022-05-08'),
('user129', '$2a$12$RIHj.q.C8xZ5vB3b5iP1j.OaJ2c3k4L5m6n7o8p9q0r1s2t3u4v5', 'user129@example.com', '1990-05-14', '2022-05-09'),
('user130', '$2a$12$RIHj.q.C8xZ5vB3b5iP1j.OaJ2c3k4L5m6n7o8p9q0r1s2t3u4v5', 'user130@example.com', '1990-05-15', '2022-05-10'),
('user131', '$2a$12$RIHj.q.C8xZ5vB3b5iP1j.OaJ2c3k4L5m6n7o8p9q0r1s2t3u4v5', 'user131@example.com', '1990-05-16', '2022-05-11'),
('user132', '$2a$12$RIHj.q.C8xZ5vB3b5iP1j.OaJ2c3k4L5m6n7o8p9q0r1s2t3u4v5', 'user132@example.com', '1990-05-17', '2022-05-12'),
('user133', '$2a$12$RIHj.q.C8xZ5vB3b5iP1j.OaJ2c3k4L5m6n7o8p9q0r1s2t3u4v5', 'user133@example.com', '1990-05-18', '2022-05-13'),
('user134', '$2a$12$RIHj.q.C8xZ5vB3b5iP1j.OaJ2c3k4L5m6n7o8p9q0r1s2t3u4v5', 'user134@example.com', '1990-05-19', '2022-05-14'),
('user135', '$2a$12$RIHj.q.C8xZ5vB3b5iP1j.OaJ2c3k4L5m6n7o8p9q0r1s2t3u4v5', 'user135@example.com', '1990-05-20', '2022-05-15'),
('user136', '$2a$12$RIHj.q.C8xZ5vB3b5iP1j.OaJ2c3k4L5m6n7o8p9q0r1s2t3u4v5', 'user136@example.com', '1990-05-21', '2022-05-16'),
('user137', '$2a$12$RIHj.q.C8xZ5vB3b5iP1j.OaJ2c3k4L5m6n7o8p9q0r1s2t3u4v5', 'user137@example.com', '1990-05-22', '2022-05-17'),
('user138', '$2a$12$RIHj.q.C8xZ5vB3b5iP1j.OaJ2c3k4L5m6n7o8p9q0r1s2t3u4v5', 'user138@example.com', '1990-05-23', '2022-05-18'),
('user139', '$2a$12$RIHj.q.C8xZ5vB3b5iP1j.OaJ2c3k4L5m6n7o8p9q0r1s2t3u4v5', 'user139@example.com', '1990-05-24', '2022-05-19'),
('user140', '$2a$12$RIHj.q.C8xZ5vB3b5iP1j.OaJ2c3k4L5m6n7o8p9q0r1s2t3u4v5', 'user140@example.com', '1990-05-25', '2022-05-20'),
('user141', '$2a$12$RIHj.q.C8xZ5vB3b5iP1j.OaJ2c3k4L5m6n7o8p9q0r1s2t3u4v5', 'user141@example.com', '1990-05-26', '2022-05-21'),
('user142', '$2a$12$RIHj.q.C8xZ5vB3b5iP1j.OaJ2c3k4L5m6n7o8p9q0r1s2t3u4v5', 'user142@example.com', '1990-05-27', '2022-05-22'),
('user143', '$2a$12$RIHj.q.C8xZ5vB3b5iP1j.OaJ2c3k4L5m6n7o8p9q0r1s2t3u4v5', 'user143@example.com', '1990-05-28', '2022-05-23'),
('user144', '$2a$12$RIHj.q.C8xZ5vB3b5iP1j.OaJ2c3k4L5m6n7o8p9q0r1s2t3u4v5', 'user144@example.com', '1990-05-29', '2022-05-24'),
('user145', '$2a$12$RIHj.q.C8xZ5vB3b5iP1j.OaJ2c3k4L5m6n7o8p9q0r1s2t3u4v5', 'user145@example.com', '1990-05-30', '2022-05-25'),
('user146', '$2a$12$RIHj.q.C8xZ5vB3b5iP1j.OaJ2c3k4L5m6n7o8p9q0r1s2t3u4v5', 'user146@example.com', '1990-05-31', '2022-05-26'),
('user147', '$2a$12$RIHj.q.C8xZ5vB3b5iP1j.OaJ2c3k4L5m6n7o8p9q0r1s2t3u4v5', 'user147@example.com', '1990-06-01', '2022-05-27'),
('user148', '$2a$12$RIHj.q.C8xZ5vB3b5iP1j.OaJ2c3k4L5m6n7o8p9q0r1s2t3u4v5', 'user148@example.com', '1990-06-02', '2022-05-28'),
('user149', '$2a$12$RIHj.q.C8xZ5vB3b5iP1j.OaJ2c3k4L5m6n7o8p9q0r1s2t3u4v5', 'user149@example.com', '1990-06-03', '2022-05-29'),
('user150', '$2a$12$RIHj.q.C8xZ5vB3b5iP1j.OaJ2c3k4L5m6n7o8p9q0r1s2t3u4v5', 'user150@example.com', '1994-09-09', '2022-05-30');

-- Populate Vehicles table
INSERT INTO Vehicles (vin, make, model, year) VALUES
('1ABC123XYZ4567890', 'Toyota', 'Camry', 2020),
('2DEF456ABC7890123', 'Honda', 'Civic', 2019),
('3GHI789DEF0123456', 'Ford', 'F-150', 2021),
('4JKL012GHI3456789', 'Chevrolet', 'Silverado', 2022),
('5MNO345JKL6789012', 'Nissan', 'Altima', 2018),
('VIN006', 'BMW', '3 Series', 2020),
('VIN007', 'Mercedes-Benz', 'C-Class', 2021),
('VIN008', 'Audi', 'A4', 2019),
('VIN009', 'Lexus', 'ES', 2022),
('VIN010', 'Hyundai', 'Sonata', 2020),
('VIN011', 'Kia', 'Optima', 2018),
('VIN012', 'Subaru', 'Outback', 2021),
('VIN013', 'Volkswagen', 'Jetta', 2019),
('VIN014', 'Mazda', 'Mazda3', 2022),
('VIN015', 'GMC', 'Sierra', 2020),
('VIN016', 'Ram', '1500', 2021),
('VIN017', 'Jeep', 'Wrangler', 2018),
('VIN018', 'Toyota', 'RAV4', 2022),
('VIN019', 'Honda', 'CR-V', 2020),
('VIN020', 'Ford', 'Explorer', 2019),
('VIN021', 'Chevrolet', 'Equinox', 2021),
('VIN022', 'Nissan', 'Rogue', 2018),
('VIN023', 'Hyundai', 'Tucson', 2022),
('VIN024', 'Kia', 'Sorento', 2020),
('VIN025', 'Subaru', 'Forester', 2019),
('VIN026', 'Volkswagen', 'Tiguan', 2021),
('VIN027', 'Mazda', 'CX-5', 2018),
('VIN028', 'BMW', 'X3', 2022),
('VIN029', 'Mercedes-Benz', 'GLC', 2020),
('VIN030', 'Audi', 'Q5', 2019),
('VIN031', 'Lexus', 'RX', 2021),
('VIN032', 'Acura', 'MDX', 2018),
('VIN033', 'Infiniti', 'QX60', 2022),
('VIN034', 'Volvo', 'XC90', 2020),
('VIN035', 'Cadillac', 'XT5', 2019),
('VIN036', 'Lincoln', 'Navigator', 2021),
('VIN037', 'Porsche', 'Cayenne', 2018),
('VIN038', 'Jaguar', 'F-Pace', 2022),
('VIN039', 'Land Rover', 'Range Rover', 2020),
('VIN040', 'Maserati', 'Levante', 2019),
('VIN041', 'Alfa Romeo', 'Stelvio', 2021),
('VIN042', 'Genesis', 'G70', 2018),
('VIN043', 'Chrysler', '300', 2022),
('VIN044', 'Dodge', 'Charger', 2020),
('VIN045', 'Buick', 'Enclave', 2019),
('VIN046', 'Mitsubishi', 'Outlander', 2021),
('VIN047', 'Fiat', '500X', 2018),
('VIN048', 'Mini', 'Cooper', 2022),
('VIN049', 'Smart', 'Fortwo', 2020),
('VIN050', 'Rivian', 'R1T', 2022),
('VIN051', 'Lucid', 'Air', 2022),
('VIN052', 'Polestar', '2', 2022),
('VIN053', 'Toyota', 'Sienna', 2023),
('VIN054', 'Honda', 'Odyssey', 2023),
('VIN055', 'Chrysler', 'Pacifica', 2023),
('VIN056', 'Kia', 'Carnival', 2023),
('VIN057', 'Ford', 'Mustang', 2023),
('VIN058', 'Chevrolet', 'Camaro', 2023),
('VIN059', 'Dodge', 'Challenger', 2023),
('VIN060', 'Nissan', 'Z', 2023),
('VIN061', 'Subaru', 'BRZ', 2023),
('VIN062', 'Toyota', 'GR86', 2023),
('VIN063', 'Mazda', 'MX-5 Miata', 2023),
('VIN064', 'Porsche', '911', 2023),
('VIN065', 'Chevrolet', 'Corvette', 2023),
('VIN066', 'Audi', 'R8', 2023),
('VIN067', 'Nissan', 'GT-R', 2023),
('VIN068', 'Acura', 'NSX', 2023),
('VIN069', 'Lexus', 'LC', 2023),
('VIN070', 'BMW', '8 Series', 2023),
('VIN071', 'Mercedes-Benz', 'S-Class', 2023),
('VIN072', 'Audi', 'A8', 2023),
('VIN073', 'Lexus', 'LS', 2023),
('VIN074', 'Genesis', 'G90', 2023),
('VIN075', 'BMW', '7 Series', 2023),
('VIN076', 'Porsche', 'Panamera', 2023),
('VIN077', 'Maserati', 'Quattroporte', 2023),
('VIN078', 'Jaguar', 'XF', 2023),
('VIN079', 'Volvo', 'S90', 2023),
('VIN080', 'Cadillac', 'CT5', 2023),
('VIN081', 'Lincoln', 'Continental', 2020),
('VIN082', 'Ford', 'Taurus', 2019),
('VIN083', 'Chevrolet', 'Impala', 2020),
('VIN084', 'Toyota', 'Avalon', 2022),
('VIN085', 'Nissan', 'Maxima', 2023),
('VIN086', 'Dodge', 'Durango', 2023),
('VIN087', 'Jeep', 'Grand Cherokee', 2023),
('VIN088', 'Ford', 'Expedition', 2023),
('VIN089', 'Chevrolet', 'Suburban', 2023),
('VIN090', 'GMC', 'Yukon', 2023),
('VIN091', 'Cadillac', 'Escalade', 2023),
('VIN092', 'Lincoln', 'Navigator', 2023),
('VIN093', 'Toyota', 'Sequoia', 2023),
('VIN094', 'Nissan', 'Armada', 2023),
('VIN095', 'Infiniti', 'QX80', 2023),
('VIN096', 'Lexus', 'LX', 2023),
('VIN097', 'Ford', 'Ranger', 2023),
('VIN098', 'Chevrolet', 'Colorado', 2023),
('VIN099', 'GMC', 'Canyon', 2023),
('VIN100', 'Toyota', 'Tacoma', 2023),
('VIN101', 'Nissan', 'Frontier', 2023),
('VIN102', 'Honda', 'Ridgeline', 2023),
('VIN103', 'Jeep', 'Gladiator', 2023),
('VIN104', 'Hyundai', 'Santa Cruz', 2023),
('VIN105', 'Ford', 'Maverick', 2023),
('VIN106', 'Ford', 'Transit', 2023),
('VIN107', 'Ram', 'ProMaster', 2023),
('VIN108', 'Mercedes-Benz', 'Sprinter', 2023),
('VIN109', 'Nissan', 'NV200', 2021),
('VIN110', 'Ford', 'E-Transit', 2023),
('VIN111', 'Rivian', 'EDV', 2023),
('VIN112', 'BrightDrop', 'Zevo 600', 2023),
('VIN113', 'Canoo', 'MPDV', 2023),
('VIN114', 'Workhorse', 'C-Series', 2023),
('VIN115', 'Tesla', 'Cybertruck', 2023),
('VIN116', 'GMC', 'Hummer EV', 2023),
('VIN117', 'Ford', 'F-150 Lightning', 2023),
('VIN118', 'Chevrolet', 'Silverado EV', 2024),
('VIN119', 'Ram', '1500 REV', 2024),
('VIN120', 'Tesla', 'Roadster', 2023),
('VIN121', 'Rimac', 'Nevera', 2023),
('VIN122', 'Pininfarina', 'Battista', 2023),
('VIN123', 'Lotus', 'Evija', 2023),
('VIN124', 'Aspark', 'Owl', 2023),
('VIN125', 'Bugatti', 'Chiron', 2023),
('VIN126', 'Koenigsegg', 'Jesko', 2023),
('VIN127', 'Hennessey', 'Venom F5', 2023),
('VIN128', 'SSC', 'Tuatara', 2023),
('VIN129', 'McLaren', 'Speedtail', 2020),
('VIN130', 'Aston Martin', 'Valkyrie', 2023),
('VIN131', 'Mercedes-AMG', 'ONE', 2023),
('VIN132', 'Ferrari', 'SF90 Stradale', 2023),
('VIN133', 'Lamborghini', 'Revuelto', 2024),
('VIN134', 'Pagani', 'Utopia', 2023),
('VIN135', 'Gordon Murray', 'T.50', 2023),
('VIN136', 'De Tomaso', 'P72', 2023),
('VIN137', 'Apollo', 'Intensa Emozione', 2019),
('VIN138', 'W Motors', 'Lykan HyperSport', 2013),
('VIN139', 'Zenvo', 'TSR-S', 2020),
('VIN140', 'Czinger', '21C', 2023),
('VIN141', 'Toyota', 'Corolla', 2021),
('VIN142', 'Honda', 'Accord', 2022),
('VIN143', 'Hyundai', 'Elantra', 2023),
('VIN144', 'Kia', 'Forte', 2021),
('VIN145', 'Subaru', 'Impreza', 2022),
('VIN146', 'Volkswagen', 'Golf', 2021),
('VIN147', 'Mazda', 'Mazda6', 2021),
('VIN148', 'Chevrolet', 'Malibu', 2022),
('VIN149', 'Ford', 'Fusion', 2020),
('VIN150', 'Tesla', 'Model S', 2023);

-- Populate Owns table
INSERT INTO Owns (user_id, vin, start_date, end_date) VALUES
(1, '1ABC123XYZ4567890', '2022-01-01', NULL),
(2, '2DEF456ABC7890123', '2022-01-02', NULL),
(3, '3GHI789DEF0123456', '2022-01-03', NULL),
(4, '4JKL012GHI3456789', '2022-01-04', NULL),
(5, '5MNO345JKL6789012', '2022-01-05', NULL),
(6, 'VIN006', '2022-01-06', NULL),
(7, 'VIN007', '2022-01-07', NULL),
(8, 'VIN008', '2022-01-08', NULL),
(9, 'VIN009', '2022-01-09', NULL),
(10, 'VIN010', '2022-01-10', NULL),
(11, 'VIN011', '2022-01-11', NULL),
(12, 'VIN012', '2022-01-12', NULL),
(13, 'VIN013', '2022-01-13', NULL),
(14, 'VIN014', '2022-01-14', NULL),
(15, 'VIN015', '2022-01-15', NULL),
(16, 'VIN016', '2022-01-16', NULL),
(17, 'VIN017', '2022-01-17', NULL),
(18, 'VIN018', '2022-01-18', NULL),
(19, 'VIN019', '2022-01-19', NULL),
(20, 'VIN020', '2022-01-20', NULL),
(21, 'VIN021', '2022-01-21', NULL),
(22, 'VIN022', '2022-01-22', NULL),
(23, 'VIN023', '2022-01-23', NULL),
(24, 'VIN024', '2022-01-24', NULL),
(25, 'VIN025', '2022-01-25', NULL),
(26, 'VIN026', '2022-01-26', NULL),
(27, 'VIN027', '2022-01-27', NULL),
(28, 'VIN028', '2022-01-28', NULL),
(29, 'VIN029', '2022-01-29', NULL),
(30, 'VIN030', '2022-01-30', NULL),
(31, 'VIN031', '2022-01-31', NULL),
(32, 'VIN032', '2022-02-01', NULL),
(33, 'VIN033', '2022-02-02', NULL),
(34, 'VIN034', '2022-02-03', NULL),
(35, 'VIN035', '2022-02-04', NULL),
(36, 'VIN036', '2022-02-05', NULL),
(37, 'VIN037', '2022-02-06', NULL),
(38, 'VIN038', '2022-02-07', NULL),
(39, 'VIN039', '2022-02-08', NULL),
(40, 'VIN040', '2022-02-09', NULL),
(41, 'VIN041', '2022-02-10', NULL),
(42, 'VIN042', '2022-02-11', NULL),
(43, 'VIN043', '2022-02-12', NULL),
(44, 'VIN044', '2022-02-13', NULL),
(45, 'VIN045', '2022-02-14', NULL),
(46, 'VIN046', '2022-02-15', NULL),
(47, 'VIN047', '2022-02-16', NULL),
(48, 'VIN048', '2022-02-17', NULL),
(49, 'VIN049', '2022-02-18', NULL),
(50, 'VIN050', '2022-02-19', NULL),
(51, 'VIN051', '2022-02-20', NULL),
(52, 'VIN052', '2022-02-21', NULL),
(53, 'VIN053', '2022-02-22', NULL),
(54, 'VIN054', '2022-02-23', NULL),
(55, 'VIN055', '2022-02-24', NULL),
(56, 'VIN056', '2022-02-25', NULL),
(57, 'VIN057', '2022-02-26', NULL),
(58, 'VIN058', '2022-02-27', NULL),
(59, 'VIN059', '2022-02-28', NULL),
(60, 'VIN060', '2022-03-01', NULL),
(61, 'VIN061', '2022-03-02', NULL),
(62, 'VIN062', '2022-03-03', NULL),
(63, 'VIN063', '2022-03-04', NULL),
(64, 'VIN064', '2022-03-05', NULL),
(65, 'VIN065', '2022-03-06', NULL),
(66, 'VIN066', '2022-03-07', NULL),
(67, 'VIN067', '2022-03-08', NULL),
(68, 'VIN068', '2022-03-09', NULL),
(69, 'VIN069', '2022-03-10', NULL),
(70, 'VIN070', '2022-03-11', NULL),
(71, 'VIN071', '2022-03-12', NULL),
(72, 'VIN072', '2022-03-13', NULL),
(73, 'VIN073', '2022-03-14', NULL),
(74, 'VIN074', '2022-03-15', NULL),
(75, 'VIN075', '2022-03-16', NULL),
(76, 'VIN076', '2022-03-17', NULL),
(77, 'VIN077', '2022-03-18', NULL),
(78, 'VIN078', '2022-03-19', NULL),
(79, 'VIN079', '2022-03-20', NULL),
(80, 'VIN080', '2022-03-21', NULL),
(81, 'VIN081', '2022-03-22', NULL),
(82, 'VIN082', '2022-03-23', NULL),
(83, 'VIN083', '2022-03-24', NULL),
(84, 'VIN084', '2022-03-25', NULL),
(85, 'VIN085', '2022-03-26', NULL),
(86, 'VIN086', '2022-03-27', NULL),
(87, 'VIN087', '2022-03-28', NULL),
(88, 'VIN088', '2022-03-29', NULL),
(89, 'VIN089', '2022-03-30', NULL),
(90, 'VIN090', '2022-03-31', NULL),
(91, 'VIN091', '2022-04-01', NULL),
(92, 'VIN092', '2022-04-02', NULL),
(93, 'VIN093', '2022-04-03', NULL),
(94, 'VIN094', '2022-04-04', NULL),
(95, 'VIN095', '2022-04-05', NULL),
(96, 'VIN096', '2022-04-06', NULL),
(97, 'VIN097', '2022-04-07', NULL),
(98, 'VIN098', '2022-04-08', NULL),
(99, 'VIN099', '2022-04-09', NULL),
(100, 'VIN100', '2022-04-10', NULL),
(101, 'VIN101', '2022-04-11', NULL),
(102, 'VIN102', '2022-04-12', NULL),
(103, 'VIN103', '2022-04-13', NULL),
(104, 'VIN104', '2022-04-14', NULL),
(105, 'VIN105', '2022-04-15', NULL),
(106, 'VIN106', '2022-04-16', NULL),
(107, 'VIN107', '2022-04-17', NULL),
(108, 'VIN108', '2022-04-18', NULL),
(109, 'VIN109', '2022-04-19', NULL),
(110, 'VIN110', '2022-04-20', NULL),
(111, 'VIN111', '2022-04-21', NULL),
(112, 'VIN112', '2022-04-22', NULL),
(113, 'VIN113', '2022-04-23', NULL),
(114, 'VIN114', '2022-04-24', NULL),
(115, 'VIN115', '2022-04-25', NULL),
(116, 'VIN116', '2022-04-26', NULL),
(117, 'VIN117', '2022-04-27', NULL),
(118, 'VIN118', '2022-04-28', NULL),
(119, 'VIN119', '2022-04-29', NULL),
(120, 'VIN120', '2022-04-30', NULL),
(121, 'VIN121', '2022-05-01', NULL),
(122, 'VIN122', '2022-05-02', NULL),
(123, 'VIN123', '2022-05-03', NULL),
(124, 'VIN124', '2022-05-04', NULL),
(125, 'VIN125', '2022-05-05', NULL),
(126, 'VIN126', '2022-05-06', NULL),
(127, 'VIN127', '2022-05-07', NULL),
(128, 'VIN128', '2022-05-08', NULL),
(129, 'VIN129', '2022-05-09', NULL),
(130, 'VIN130', '2022-05-10', NULL),
(131, 'VIN131', '2022-05-11', NULL),
(132, 'VIN132', '2022-05-12', NULL),
(133, 'VIN133', '2022-05-13', NULL),
(134, 'VIN134', '2022-05-14', NULL),
(135, 'VIN135', '2022-05-15', NULL),
(136, 'VIN136', '2022-05-16', NULL),
(137, 'VIN137', '2022-05-17', NULL),
(138, 'VIN138', '2022-05-18', NULL),
(139, 'VIN139', '2022-05-19', NULL),
(140, 'VIN140', '2022-05-20', NULL),
(141, 'VIN141', '2022-05-21', NULL),
(142, 'VIN142', '2022-05-22', NULL),
(143, 'VIN143', '2022-05-23', NULL),
(144, 'VIN144', '2022-05-24', NULL),
(145, 'VIN145', '2022-05-25', NULL),
(146, 'VIN146', '2022-05-26', NULL),
(147, 'VIN147', '2022-05-27', NULL),
(148, 'VIN148', '2022-05-28', NULL),
(149, 'VIN149', '2022-05-29', NULL),
(150, 'VIN150', '2022-05-30', NULL);

-- Populate CarShops table (FIXED: using correct column names from schema)
INSERT INTO CarShops (name, street, city, state, zip_code, phone_number) VALUES
('AutoCare Center', '123 Main St', 'Anytown', 'CA', '12345', '555-0101'),
('ProMechanics', '456 Oak Ave', 'Someville', 'TX', '67890', '555-0102'),
('Speedy Auto Repair', '789 Pine Ln', 'Metropolis', 'NY', '10001', '555-0103'),
('Reliable Motors', '101 Maple Dr', 'Smalltown', 'OH', '44001', '555-0104'),
('City Car Care', '212 Elm St', 'Bigcity', 'FL', '33101', '555-0105');

-- Populate Mechanics table
INSERT INTO Mechanics (car_shop_id, name, phone_number, email) VALUES
(1, 'Mike Miller', '555-0111', 'mike.miller@autocare.com'),
(1, 'Gary Smith', '555-0112', 'gary.smith@autocare.com'),
(2, 'Laura Wilson', '555-0121', 'laura.wilson@promechanics.com'),
(3, 'Chris Taylor', '555-0131', 'chris.taylor@speedyauto.com'),
(4, 'Pat Johnson', '555-0141', 'pat.johnson@reliablemotors.com'),
(5, 'Alex Lee', '555-0151', 'alex.lee@citycarcare.com');

-- Populate ServiceRecords table
INSERT INTO ServiceRecords (vin, service_date, current_mileage, cost, description) VALUES
('1ABC123XYZ4567890', '2023-01-10', 15000, 75.00, 'Oil change and tire rotation'),
('2DEF456ABC7890123', '2023-02-15', 25000, 250.00, 'Brake pad replacement'),
('3GHI789DEF0123456', '2023-03-20', 10000, 120.00, 'Air filter replacement'),
('4JKL012GHI3456789', '2023-04-05', 5000, 50.00, 'First service checkup'),
('5MNO345JKL6789012', '2023-05-12', 45000, 500.00, 'Transmission fluid change'),
('VIN006', '2023-06-01', 12000, 85.00, 'Oil change'),
('VIN018', '2023-06-05', 22000, 300.00, 'Brake service'),
('VIN141', '2023-06-10', 35000, 150.00, 'Coolant flush'),
('VIN150', '2023-06-01', 1000, 0.00, 'Initial inspection');

-- Populate WorkedOn table
INSERT INTO WorkedOn (mechanic_id, service_id) VALUES
(1, 1),
(2, 1),
(3, 2),
(4, 3),
(5, 4),
(6, 5),
(1, 6),
(3, 7),
(4, 8),
(1, 9);

-- NOTE: ServiceTypes are already populated by populate_service_types.sql
-- We'll use existing service types for the relationships

-- Populate ServiceRecords_ServiceTypes table
INSERT INTO ServiceRecords_ServiceTypes (service_id, service_type) VALUES
(1, 'Oil Change'),
(1, 'Tire Rotation'),
(2, 'Brake Service'),
(3, 'Air Filter Replacement'),
(4, 'Oil Change'),
(5, 'Transmission Service'),
(6, 'Oil Change'),
(7, 'Brake Service'),
(8, 'Coolant Flush'),
(9, 'Engine Tune-up');

-- Populate Parts table
INSERT INTO Parts (name, manufacturer, part_number, unit_price) VALUES
('Engine Oil 5W-30', 'Mobil 1', 'M1-110A', 8.99),
('Oil Filter', 'Bosch', '3330', 12.50),
('Front Brake Pads', 'Brembo', 'P83045N', 55.75),
('Air Filter', 'K&N', '33-2468', 45.00),
('ATF DW-1', 'Honda', '08200-9008', 9.25),
('Spark Plugs', 'NGK', 'ILZKR7B-11S', 15.00),
('Coolant', 'Prestone', 'AF2100', 18.50),
('Battery', 'DieHard', 'AGM-35', 220.00);

-- Populate ServiceRecords_Parts table
INSERT INTO ServiceRecords_Parts (service_id, part_id) VALUES
(1, 1),
(1, 2),
(2, 3),
(3, 4),
(5, 5),
(6, 1),
(6, 2),
(7, 3),
(8, 7);

-- Populate Expenses table
INSERT INTO Expenses (vin, date, category, amount, description) VALUES
('1ABC123XYZ4567890', '2023-01-20', 'Insurance', 120.00, 'Monthly insurance payment'),
('2DEF456ABC7890123', '2023-02-01', 'Registration', 200.00, 'Annual vehicle registration'),
('3GHI789DEF0123456', '2023-03-15', 'Car Wash', 25.00, 'Premium car wash'),
('4JKL012GHI3456789', '2023-04-10', 'Parking', 50.00, 'Monthly parking pass'),
('5MNO345JKL6789012', '2023-05-25', 'Tolls', 30.00, 'Toll road charges'),
('VIN100', '2023-07-01', 'Insurance', 150.00, 'Quarterly insurance payment'),
('VIN150', '2023-07-01', 'Charging', 40.00, 'Monthly charging subscription');

-- Populate FuelExpenses table
INSERT INTO Expenses (vin, date, category, amount, description) VALUES
('1ABC123XYZ4567890', '2023-01-05', 'Fuel', 50.00, 'Fuel expense - 12.5 gallons of Regular'),
('1ABC123XYZ4567890', '2023-01-15', 'Fuel', 52.50, 'Fuel expense - 13.0 gallons of Regular'),
('2DEF456ABC7890123', '2023-02-10', 'Fuel', 45.90, 'Fuel expense - 10.2 gallons of Premium'),
('3GHI789DEF0123456', '2023-03-18', 'Fuel', 80.00, 'Fuel expense - 20.0 gallons of Diesel'),
('5MNO345JKL6789012', '2023-05-10', 'Fuel', 62.00, 'Fuel expense - 15.5 gallons of Regular'),
('VIN141', '2023-06-20', 'Fuel', 44.00, 'Fuel expense - 11.0 gallons of Regular');

INSERT INTO FuelExpenses (expense_id, gallons, current_mileage, fuel_type) VALUES
(LAST_INSERT_ID()-5, 12.5, 14500, 'Regular'),
(LAST_INSERT_ID()-4, 13.0, 14900, 'Regular'),
(LAST_INSERT_ID()-3, 10.2, 24500, 'Premium'),
(LAST_INSERT_ID()-2, 20.0, 9800, 'Diesel'),
(LAST_INSERT_ID()-1, 15.5, 44500, 'Regular'),
(LAST_INSERT_ID(), 11.0, 35500, 'Regular');

-- Populate UpcomingServices table
INSERT INTO UpcomingServices (user_id, vin, rec_date, rec_mileage, status) VALUES
(1, '1ABC123XYZ4567890', '2023-07-10', 30000, 'Upcoming'),
(2, '2DEF456ABC7890123', '2023-08-15', 40000, 'Scheduled'),
(3, '3GHI789DEF0123456', '2023-09-20', 20000, 'Completed'),
(4, '4JKL012GHI3456789', '2023-10-05', 15000, 'Upcoming'),
(5, '5MNO345JKL6789012', '2023-11-12', 60000, 'Overdue'),
(150, 'VIN150', '2024-01-01', 12000, 'Upcoming');

-- Populate UpcomingServices_ServiceTypes table
INSERT INTO UpcomingServices_ServiceTypes (event_id, service_type) VALUES
(1, 'Oil Change'),
(1, 'Tire Rotation'),
(2, 'Brake Service'),
(3, 'Air Filter Replacement'),
(4, 'Oil Change'),
(5, 'Transmission Service'),
(6, 'Battery Replacement');

-- Populate Reminder table (FIXED: using correct table name and structure)
INSERT INTO Reminder (event_id, message, send_date, was_sent, was_read) VALUES
(1, 'Your Toyota Camry is due for an oil change and tire rotation soon.', '2023-07-01', 0, 0),
(2, 'Your Honda Civic has a scheduled brake service on 2023-08-15.', '2023-08-01', 0, 0),
(4, 'Reminder: Your Chevrolet Silverado is due for its next oil change.', '2023-09-25', 0, 0),
(5, 'URGENT: Your Nissan Altima is overdue for a transmission service.', '2023-11-01', 0, 0),
(6, 'Your Tesla Model S has an upcoming battery check.', '2023-12-15', 0, 0);